id,name,total.over.15,male.over.15,male.college,male.grad,male.other,female.over.15,female.college,female.grad,female.other
35620,"New York-Newark-Jersey City, NY-NJ-PA Metro Area",16369264,7813212,413757,244671,7154784,8556052,491515,320771,7743766
31080,"Los Angeles-Long Beach-Anaheim, CA Metro Area",10704082,5231146,419742,113440,4697964,5472936,471702,148835,4852399
16980,"Chicago-Naperville-Elgin, IL-IN-WI Metro Area",7655569,3706152,190425,113657,3402070,3949417,237371,144651,3567395
19100,"Dallas-Fort Worth-Arlington, TX Metro Area",5397582,2626136,157772,38364,2430000,2771446,205373,46079,2519994
26420,"Houston-The Woodlands-Sugar Land, TX Metro Area",5010662,2469879,157740,34552,2277587,2540783,197849,43910,2299024
37980,"Philadelphia-Camden-Wilmington, PA-NJ-DE-MD Metro Area",4934056,2355687,115651,78619,2161417,2578369,147713,107332,2323324
33100,"Miami-Fort Lauderdale-West Palm Beach, FL Metro Area",4914564,2359448,138368,52701,2168379,2555116,175762,76316,2303038
47900,"Washington-Arlington-Alexandria, DC-VA-MD-WV Metro Area",4838825,2336045,158433,68710,2108902,2502780,178202,89319,2235259
12060,"Atlanta-Sandy Springs-Roswell, GA Metro Area",4428714,2116591,130325,41374,1944892,2312123,168788,63368,2079967
14460,"Boston-Cambridge-Newton, MA-NH Metro Area",3928547,1886564,83248,107088,1696228,2041983,104752,135619,1801612
41860,"San Francisco-Oakland-Hayward, CA Metro Area",3795184,1859920,136417,34695,1688808,1935264,155125,48834,1731305
38060,"Phoenix-Mesa-Scottsdale, AZ Metro Area",3552473,1752912,116655,25761,1610496,1799561,135057,32911,1631593
19820,"Detroit-Warren-Dearborn, MI Metro Area",3491335,1674618,103271,22133,1549214,1816717,134680,30531,1651506
40140,"Riverside-San Bernardino-Ontario, CA Metro Area",3451350,1704177,118296,32788,1553093,1747173,141888,42601,1562684
42660,"Seattle-Tacoma-Bellevue, WA Metro Area",2992824,1485304,92345,22986,1369973,1507520,101670,32502,1373348
33460,"Minneapolis-St. Paul-Bloomington, MN-WI Metro Area",2785443,1367357,78197,28547,1260613,1418086,95082,39116,1283888
41740,"San Diego-Carlsbad, CA Metro Area",2646310,1324927,114376,31029,1179522,1321383,117378,32799,1171206
45300,"Tampa-St. Petersburg-Clearwater, FL Metro Area",2432413,1164908,62239,20638,1082031,1267505,79880,28279,1159346
41180,"St. Louis, MO-IL Metro Area",2275453,1088332,52891,33020,1002421,1187121,69956,40740,1076425
12580,"Baltimore-Columbia-Towson, MD Metro Area",2267614,1078949,75469,25783,977697,1188665,96221,33390,1059054
19740,"Denver-Aurora-Lakewood, CO Metro Area",2202637,1089063,60222,19558,1009283,1113574,70754,25985,1016835
38300,"Pittsburgh, PA Metro Area",1981439,953393,42344,25582,885467,1028046,55886,30218,941942
38900,"Portland-Vancouver-Hillsboro, OR-WA Metro Area",1911432,936786,54263,16582,865941,974646,65594,25226,883826
36740,"Orlando-Kissimmee-Sanford, FL Metro Area",1897455,918611,68928,19590,830093,978844,82181,24952,871711
16740,"Charlotte-Concord-Gastonia, NC-SC Metro Area",1893151,906255,48730,14415,843110,986896,66229,19926,900741
41980,"San Juan-Carolina-Caguas, PR Metro Area",1840501,857128,26900,47337,782891,983373,38076,60896,884401
41700,"San Antonio-New Braunfels, TX Metro Area",1830172,894709,60772,17395,816542,935463,69809,22613,843041
40900,"Sacramento--Roseville--Arden-Arcade, CA Metro Area",1804345,873596,77440,12015,784141,930749,93711,15248,821790
17140,"Cincinnati, OH-KY-IN Metro Area",1716994,831812,52255,11689,767868,885182,65220,15836,804126
17460,"Cleveland-Elyria, OH Metro Area",1691827,805711,38197,18753,748761,886116,54112,26171,805833
29820,"Las Vegas-Henderson-Paradise, NV Metro Area",1657564,825131,43574,11184,770373,832433,52962,13733,765738
28140,"Kansas City, MO-KS Metro Area",1639467,794589,40664,13132,740793,844878,50687,18194,775997
18140,"Columbus, OH Metro Area",1592953,776510,54926,13961,707623,816443,64831,20204,731408
41940,"San Jose-Sunnyvale-Santa Clara, CA Metro Area",1563970,784137,59946,21053,703138,779833,62475,21619,695739
26900,"Indianapolis-Carmel-Anderson, IN Metro Area",1554063,749394,37522,12851,699021,804669,51725,19319,733625
12420,"Austin-Round Rock, TX Metro Area",1545437,768547,68605,9677,690265,776890,77980,13260,685650
34980,"Nashville-Davidson--Murfreesboro--Franklin, TN Metro Area",1437904,693577,34782,19124,639671,744327,44044,22152,678131
47260,"Virginia Beach-Norfolk-Newport News, VA-NC Metro Area",1391829,679013,55322,15132,608559,712816,67887,18569,626360
39300,"Providence-Warwick, RI-MA Metro Area",1339634,642221,35365,23399,583457,697413,44222,31256,621935
33340,"Milwaukee-Waukesha-West Allis, WI Metro Area",1262833,608088,33114,16530,558444,654745,40310,25029,589406
27260,"Jacksonville, FL Metro Area",1153974,555632,31453,10400,513779,598342,41031,13942,543369
32820,"Memphis, TN-MS-AR Metro Area",1057746,498952,28041,7761,463150,558794,42099,12479,504216
36420,"Oklahoma City, OK Metro Area",1055870,515449,39611,7368,468470,540421,49388,8682,482351
31140,"Louisville/Jefferson County, KY-IN Metro Area",1027196,495633,25840,7021,462772,531563,31796,11310,488457
40060,"Richmond, VA Metro Area",1026800,491077,30241,8229,452607,535723,41866,12071,481786
35380,"New Orleans-Metairie, LA Metro Area",1014317,485433,20838,12445,452150,528884,33482,18099,477303
25540,"Hartford-West Hartford-East Hartford, CT Metro Area",1005844,485894,32347,12365,441182,519950,39768,19338,460844
39580,"Raleigh, NC Metro Area",983047,473192,35357,7676,430159,509855,41001,11579,457275
15380,"Buffalo-Cheektowaga-Niagara Falls, NY Metro Area",943915,452587,30272,8721,413594,491328,32543,14303,444482
13820,"Birmingham-Hoover, AL Metro Area",920240,436991,23074,6166,407751,483249,32102,8415,442732
40380,"Rochester, NY Metro Area",893841,430636,20545,18879,391212,463205,27757,19852,415596
41620,"Salt Lake City, UT Metro Area",875051,437261,34527,7633,395101,437790,34074,8285,395431
46060,"Tucson, AZ Metro Area",821460,400878,39042,4276,357560,420582,40589,5302,374691
24340,"Grand Rapids-Wyoming, MI Metro Area",816575,399583,25290,8678,365615,416992,31330,11642,374020
46520,"Urban Honolulu, HI Metro Area",806449,404220,28607,9811,365802,402229,29671,11025,361533
46140,"Tulsa, OK Metro Area",767216,372038,17199,6533,348306,395178,21910,7538,365730
49340,"Worcester, MA-CT Metro Area",764921,374229,19414,13022,341793,390692,25881,14217,350594
14860,"Bridgeport-Stamford-Norwalk, CT Metro Area",760540,365992,15643,11203,339146,394548,20614,16127,357807
10580,"Albany-Schenectady-Troy, NY Metro Area",733435,355460,20949,14572,319939,377975,23448,17476,337051
23420,"Fresno, CA Metro Area",729934,361376,29816,4556,327004,368558,33472,5690,329396
10740,"Albuquerque, NM Metro Area",729329,355375,28949,4275,322151,373954,35620,5542,332792
35300,"New Haven-Milford, CT Metro Area",713308,339875,15443,15791,308641,373433,20471,19006,333956
28940,"Knoxville, TN Metro Area",708259,342715,21805,4718,316192,365544,24440,5636,335468
36540,"Omaha-Council Bluffs, NE-IA Metro Area",707608,346744,21978,7467,317299,360864,26988,11173,322703
24860,"Greenville-Anderson-Mauldin, SC Metro Area",698166,335782,21133,8692,305957,362384,24973,10105,327306
10900,"Allentown-Bethlehem-Easton, PA-NJ Metro Area",683903,331274,12285,10823,308166,352629,15066,15321,322242
37100,"Oxnard-Thousand Oaks-Ventura, CA Metro Area",675175,332128,22662,5994,303472,343047,25467,7442,310138
12940,"Baton Rouge, LA Metro Area",660426,319335,26238,3861,289236,341091,31537,5581,303973
12540,"Bakersfield, CA Metro Area",656036,337759,20227,4897,312635,318277,24175,6135,287967
19380,"Dayton, OH Metro Area",653947,313182,20036,10998,282148,340765,25824,11944,302997
17900,"Columbia, SC Metro Area",650770,312992,26021,5369,281602,337778,30414,8669,298695
35840,"North Port-Sarasota-Bradenton, FL Metro Area",646343,307092,9658,3689,293745,339251,13258,4737,321256
21340,"El Paso, TX Metro Area",639359,309750,29633,4494,275623,329609,33384,5125,291100
24660,"Greensboro-High Point, NC Metro Area",606601,286260,19718,4371,262171,320341,29130,6388,284823
32580,"McAllen-Edinburg-Mission, TX Metro Area",593524,284725,19035,3718,261972,308799,23061,4949,280789
16700,"Charleston-North Charleston, SC Metro Area",590753,285908,19572,4197,262139,304845,22703,6352,275790
10420,"Akron, OH Metro Area",581979,279932,23713,2895,253324,302047,29191,4453,268403
30780,"Little Rock-North Little Rock-Conway, AR Metro Area",581792,278432,18658,4049,255725,303360,25297,4325,273738
15980,"Cape Coral-Fort Myers, FL Metro Area",576103,279677,11688,3078,264911,296426,15165,4931,276330
44700,"Stockton-Lodi, CA Metro Area",549610,271183,14894,5512,250777,278427,18522,8090,251815
17820,"Colorado Springs, CO Metro Area",546173,273940,26134,5205,242601,272233,22143,6004,244086
45060,"Syracuse, NY Metro Area",543634,261716,13947,12660,235109,281918,15906,17550,248462
49180,"Winston-Salem, NC Metro Area",530160,251215,11091,4940,235184,278945,16900,7640,254405
44140,"Springfield, MA Metro Area",523509,247232,23766,6322,217144,276277,25652,15247,235378
19660,"Deltona-Daytona Beach-Ormond Beach, FL Metro Area",523095,252073,12348,6895,232830,271022,15151,5963,249908
31540,"Madison, WI Metro Area",520590,257086,28543,2916,225627,263504,31699,4839,226966
29460,"Lakeland-Winter Haven, FL Metro Area",517762,251057,9361,4242,237454,266705,12882,6618,247205
14260,"Boise City, ID Metro Area",517649,256846,16544,3447,236855,260803,20197,5146,235460
48620,"Wichita, KS Metro Area",500281,245732,16147,3401,226184,254549,20916,4649,228984
45780,"Toledo, OH Metro Area",492060,236911,20526,2873,213512,255149,25897,4138,225114
19780,"Des Moines-West Des Moines, IA Metro Area",479470,233439,10494,6358,216587,246031,11987,8806,225238
37340,"Palm Bay-Melbourne-Titusville, FL Metro Area",475034,229837,10942,5028,213867,245197,14187,3543,227467
12260,"Augusta-Richmond County, GA-SC Metro Area",469545,225978,12358,2570,211050,243567,17954,4540,221073
42540,"Scranton--Wilkes-Barre--Hazleton, PA Metro Area",468916,227536,6649,8804,212083,241380,8396,11546,221438
36260,"Ogden-Clearfield, UT Metro Area",463436,231055,17685,3864,209506,232381,16842,3156,212383
25420,"Harrisburg-Carlisle, PA Metro Area",461659,224134,10503,4633,208998,237525,13662,6317,217546
49660,"Youngstown-Warren-Boardman, OH-PA Metro Area",460092,222515,9736,3244,209535,237577,13013,4109,220455
27140,"Jackson, MS Metro Area",458856,215984,13998,3809,198177,242872,20259,6315,216298
16860,"Chattanooga, TN-GA Metro Area",446804,213605,12618,3401,197586,233199,15172,4754,213273
20500,"Durham-Chapel Hill, NC Metro Area",445019,210066,18944,7778,183344,234953,26352,8835,199766
44060,"Spokane-Spokane Valley, WA Metro Area",441924,217334,13333,5458,198543,224590,15471,6334,202785
38860,"Portland-South Portland, ME Metro Area",439666,211752,8796,4839,198117,227914,12483,7010,208421
29540,"Lancaster, PA Metro Area",426360,206168,7895,4435,193838,220192,10628,5670,203894
42220,"Santa Rosa, CA Metro Area",413144,200617,14595,1668,184354,212527,18531,2834,191162
33700,"Modesto, CA Metro Area",409811,200577,13430,2400,184747,209234,16717,3311,189206
39340,"Provo-Orem, UT Metro Area",404635,202187,19184,20528,162475,202448,16196,18379,167873
30460,"Lexington-Fayette, KY Metro Area",402512,195414,18855,4150,172409,207098,23613,5079,178406
22220,"Fayetteville-Springdale-Rogers, AR-MO Metro Area",393079,194107,16426,2423,175258,198972,18590,2399,177983
29620,"Lansing-East Lansing, MI Metro Area",388931,188057,30927,2191,154939,200874,33038,2818,165018
37860,"Pensacola-Ferry Pass-Brent, FL Metro Area",388800,194493,12673,3782,178038,194307,14961,4598,174748
29180,"Lafayette, LA Metro Area",382583,184854,9887,1023,173944,197729,13053,2127,182549
38940,"Port St. Lucie, FL Metro Area",375765,182532,7633,2190,172709,193233,11014,2185,180034
11700,"Asheville, NC Metro Area",371356,176604,8693,2172,165739,194752,12485,2868,179399
44180,"Springfield, MO Metro Area",366402,177338,13961,3880,159497,189064,19217,4952,164895
39900,"Reno, NV Metro Area",361482,180672,13927,1550,165195,180810,17600,2243,160967
49620,"York-Hanover, PA Metro Area",359039,175695,5131,3837,166727,183344,7905,5475,169964
26620,"Huntsville, AL Metro Area",358382,174592,14443,2184,157965,183790,15739,2481,165570
42200,"Santa Maria-Santa Barbara, CA Metro Area",356859,178232,25466,2530,150236,178627,25854,2904,149869
34820,"Myrtle Beach-Conway-North Myrtle Beach, SC-NC Metro Area",354435,170181,8228,975,160978,184254,10813,1651,171790
43340,"Shreveport-Bossier City, LA Metro Area",353901,168092,7381,1479,159232,185809,12515,2010,171284
18580,"Corpus Christi, TX Metro Area",353498,173023,9773,695,162555,180475,14159,1012,165304
46700,"Vallejo-Fairfield, CA Metro Area",347868,171790,11656,3095,157039,176078,12196,3217,160665
39740,"Reading, PA Metro Area",336337,163797,8224,2638,152935,172540,11737,4482,156321
47300,"Visalia-Porterville, CA Metro Area",335144,166382,9962,1651,154769,168762,12694,2505,153563
23060,"Fort Wayne, IN Metro Area",334626,161861,9403,2471,149987,172765,11828,3445,157492
41500,"Salinas, CA Metro Area",333836,170519,13425,2617,154477,163317,15850,2131,145336
22420,"Flint, MI Metro Area",333571,158297,9212,2028,147057,175274,13290,2035,159949
31700,"Manchester-Nashua, NH Metro Area",333399,164414,5558,6235,152621,168985,6361,7675,154949
33660,"Mobile, AL Metro Area",332002,156579,8132,2050,146397,175423,11402,3495,160526
15940,"Canton-Massillon, OH Metro Area",330733,159049,6681,3583,148785,171684,10024,5026,156634
28660,"Killeen-Temple, TX Metro Area",327670,162385,12901,2975,146509,165285,15764,4468,145053
41540,"Salisbury, MD-DE Metro Area",325649,157079,9676,1285,146118,168570,15080,1872,151618
13140,"Beaumont-Port Arthur, TX Metro Area",325106,163934,7912,860,155162,161172,10509,1083,149580
41420,"Salem, OR Metro Area",320646,157562,8884,3247,145431,163084,11721,3937,147426
45220,"Tallahassee, FL Metro Area",315746,151510,26917,1849,122744,164236,33473,2893,127870
11260,"Anchorage, AK Metro Area",312683,160247,10336,3021,146890,152436,13265,2611,136560
19340,"Davenport-Moline-Rock Island, IA-IL Metro Area",309493,151346,6739,3669,140938,158147,7869,4910,145368
15180,"Brownsville-Harlingen, TX Metro Area",308452,146287,9346,899,136042,162165,9581,1090,151494
25060,"Gulfport-Biloxi-Pascagoula, MS Metro Area",307969,150388,8741,1788,139859,157581,11062,2173,144346
45940,"Trenton, NJ Metro Area",304819,147803,8198,7131,132474,157016,11248,7594,138174
37900,"Peoria, IL Metro Area",304782,147809,6214,3876,137719,156973,7992,5139,143842
21660,"Eugene, OR Metro Area",303921,148456,16945,854,130657,155465,18884,1483,135098
33860,"Montgomery, AL Metro Area",301210,141858,6668,2986,132204,159352,11649,3389,144314
11460,"Ann Arbor, MI Metro Area",300415,147593,32114,1978,113501,152822,31673,1995,119154
25860,"Hickory-Lenoir-Morganton, NC Metro Area",299041,146533,5874,1624,139035,152508,7721,2342,142445
42340,"Savannah, GA Metro Area",298697,143327,8526,4994,129807,155370,13963,7412,133995
26580,"Huntington-Ashland, WV-KY-OH Metro Area",297920,144716,7711,1104,135901,153204,11432,1159,140613
34940,"Naples-Immokalee-Marco Island, FL Metro Area",295770,144148,4424,2306,137418,151622,5013,2657,143952
22180,"Fayetteville, NC Metro Area",293741,142223,10337,3986,127900,151518,15465,4572,131481
36100,"Ocala, FL Metro Area",287596,136634,4328,1512,130794,150962,6707,2058,142197
40420,"Rockford, IL Metro Area",274071,133164,5752,1828,125584,140907,7977,3345,129585
28020,"Kalamazoo-Portage, MI Metro Area",271595,132095,16622,1321,114152,139500,19160,1953,118387
22660,"Fort Collins, CO Metro Area",269827,133609,18714,1372,113523,136218,20518,1929,113771
10380,"Aguadilla-Isabela, PR Metro Area",265558,128016,3922,4787,119307,137542,5018,7313,125211
38660,"Ponce, PR Metro Area",264278,125463,3674,7889,113900,138815,4220,9022,125573
14500,"Boulder, CO Metro Area",261600,130679,19406,1844,109429,130921,18114,3330,109477
43900,"Spartanburg, SC Metro Area",259568,124164,5039,2308,116817,135404,9090,3804,122510
40220,"Roanoke, VA Metro Area",259277,123558,5174,2462,115922,135719,6624,3828,125267
28700,"Kingsport-Bristol-Bristol, TN-VA Metro Area",257305,124499,4783,1480,118236,132806,6318,2032,124456
43780,"South Bend-Mishawaka, IN-MI Metro Area",257221,123992,5445,6397,112150,133229,6702,7573,118954
30700,"Lincoln, NE Metro Area",256281,127940,16092,2737,109111,128341,17550,3455,107336
21780,"Evansville, IN-KY Metro Area",255380,123070,6971,1158,114941,132310,10081,1687,120542
24580,"Green Bay, WI Metro Area",252431,125196,6155,2002,117039,127235,8049,3289,115897
17980,"Columbus, GA-AL Metro Area",248345,122865,9461,1626,111778,125480,12805,2131,110544
46540,"Utica-Rome, NY Metro Area",244421,120813,5180,2758,112875,123608,6283,3744,113581
31180,"Lubbock, TX Metro Area",243793,119422,20871,1871,96680,124371,18435,2298,103638
42020,"San Luis Obispo-Paso Robles-Arroyo Grande, CA Metro Area",236673,120239,18353,1069,100817,116434,16248,1041,99145
20260,"Duluth, MN-WI Metro Area",233419,117324,10190,1638,105496,116095,10951,2362,102782
23540,"Gainesville, FL Metro Area",232149,111824,26052,1024,84748,120325,28172,1520,90633
21500,"Erie, PA Metro Area",228792,111853,6316,3693,101844,116939,5708,5182,106049
48900,"Wilmington, NC Metro Area",227397,108940,10157,947,97836,118457,13212,1170,104075
35980,"Norwich-New London, CT Metro Area",227072,113262,5158,3616,104488,113810,5754,3788,104268
42100,"Santa Cruz-Watsonville, CA Metro Area",225761,111271,15487,1432,94352,114490,17335,1862,95293
12100,"Atlantic City-Hammonton, NJ Metro Area",224232,107281,6401,1493,99387,116951,8706,2220,106025
22900,"Fort Smith, AR-OK Metro Area",223763,109251,5603,632,103016,114512,6388,950,107174
36500,"Olympia-Tumwater, WA Metro Area",217743,105252,6197,1859,97196,112491,7235,1849,103407
31340,"Lynchburg, VA Metro Area",215306,102512,4607,7931,89974,112794,4583,10592,97619
24540,"Greeley, CO Metro Area",214918,107442,7948,939,98555,107476,10544,1204,95728
17300,"Clarksville, TN-KY Metro Area",212999,107845,8688,1650,97507,105154,10919,1791,92444
14740,"Bremerton-Silverdale, WA Metro Area",212735,108351,6319,1110,100922,104384,6379,1355,96650
16300,"Cedar Rapids, IA Metro Area",212143,104542,4544,2416,97582,107601,7050,3239,97312
25180,"Hagerstown-Martinsburg, MD-WV Metro Area",210114,105029,4562,1275,99192,105085,7050,1785,96250
18880,"Crestview-Fort Walton Beach-Destin, FL Metro Area",210109,106540,6517,1082,98941,103569,6726,795,96048
28420,"Kennewick-Richland, WA Metro Area",208294,105251,5430,1045,98776,103043,6008,1134,95901
47380,"Waco, TX Metro Area",207262,99608,6698,6184,86726,107654,7758,7408,92488
13780,"Binghamton, NY Metro Area",206475,100583,10149,1389,89045,105892,11779,1270,92843
11100,"Amarillo, TX Metro Area",203628,101709,6688,647,94374,101919,9586,832,91501
17780,"College Station-Bryan, TX Metro Area",200427,101048,29992,506,70550,99379,26635,632,72112
32900,"Merced, CA Metro Area",198586,99814,9427,449,89938,98772,11451,930,86391
16580,"Champaign-Urbana, IL Metro Area",198298,98589,25367,725,72497,99709,23338,1104,75267
46220,"Tuscaloosa, AL Metro Area",195856,93371,12207,720,80444,102485,15236,910,86339
43620,"Sioux Falls, SD Metro Area",192801,95659,3725,1897,90037,97142,5551,2730,88861
29700,"Laredo, TX Metro Area",189605,90758,6354,622,83782,98847,8982,790,89075
16820,"Charlottesville, VA Metro Area",189335,90621,11304,1011,78306,98714,12848,1600,84266
39140,"Prescott, AZ Metro Area",187603,91093,4507,1773,84813,96510,5576,1688,89246
12700,"Barnstable Town, MA Metro Area",187157,88626,3532,1307,83787,98531,4105,1447,92979
45820,"Topeka, KS Metro Area",186650,90199,4623,766,84810,96451,6531,1229,88691
17020,"Chico, CA Metro Area",186313,91684,12182,767,78735,94629,14467,1075,79087
49420,"Yakima, WA Metro Area",185188,91924,3033,1019,87872,93264,4385,1186,87693
11540,"Appleton, WI Metro Area",184691,91606,4455,1060,86091,93085,5762,2112,85211
17200,"Claremont-Lebanon, NH-VT Micro Area",184683,90501,3533,3716,83252,94182,4528,3995,85659
22020,"Fargo, ND-MN Metro Area",184523,92333,11722,1716,78895,92190,12970,2359,76861
31420,"Macon-Bibb County, GA Metro Area",184442,86914,3634,2022,81258,97528,6598,3267,87663
16620,"Charleston, WV Metro Area",184255,88363,3511,917,83935,95892,3708,1111,91073
15540,"Burlington-South Burlington, VT Metro Area",181360,88166,7173,3527,77466,93194,8488,4090,80616
13380,"Bellingham, WA Metro Area",174848,85951,10185,624,75142,88897,12557,606,75734
29200,"Lafayette-West Lafayette, IN Metro Area",174389,88840,23294,1040,64506,85549,17649,1110,66790
32780,"Medford, OR Metro Area",174315,84184,4162,576,79446,90131,5515,795,83821
46340,"Tyler, TX Metro Area",174029,82708,5270,1024,76414,91321,8380,1041,81900
29420,"Lake Havasu City-Kingman, AZ Metro Area",172460,86747,2246,283,84218,85713,3726,832,81155
30980,"Longview, TX Metro Area",171209,84831,3460,1365,80006,86378,4808,954,80616
44100,"Springfield, IL Metro Area",171205,81173,4306,1024,75843,90032,6255,1570,82207
40340,"Rochester, MN Metro Area",168424,82253,3519,1104,77630,86171,5539,1698,78934
27740,"Johnson City, TN Metro Area",168346,81497,6415,971,74111,86849,8131,1468,77250
29740,"Las Cruces, NM Metro Area",168089,81877,11565,380,69932,86212,13459,462,72291
25940,"Hilton Head Island-Bluffton-Beaufort, SC Metro Area",167757,82691,3198,744,78749,85066,4100,1190,79776
26380,"Houma-Thibodaux, LA Metro Area",166973,81600,3175,459,77966,85373,4635,939,79799
12020,"Athens-Clarke County, GA Metro Area",166172,79016,16158,869,61989,87156,18998,1256,66902
22500,"Florence, SC Metro Area",165455,76141,3679,858,71604,89314,7463,1204,80647
19300,"Daphne-Fairhope-Foley, AL Metro Area",162991,78899,2819,522,75558,84092,4633,984,78475
29340,"Lake Charles, LA Metro Area",161707,78052,4604,384,73064,83655,6429,494,76732
37460,"Panama City, FL Metro Area",160033,80537,4269,721,75547,79496,5107,1081,73308
40980,"Saginaw, MI Metro Area",159978,76593,6295,468,69830,83385,7798,845,74742
49740,"Yuma, AZ Metro Area",158969,81575,4580,607,76388,77394,5852,591,70951
11640,"Arecibo, PR Metro Area",158421,75230,1950,3429,69851,83191,3027,4471,75693
25900,"Hilo, HI Micro Area",157856,78109,3973,659,73477,79747,4738,871,74138
39540,"Racine, WI Metro Area",156545,76827,3412,1111,72304,79718,5081,1566,73071
45860,"Torrington, CT Micro Area",156516,76641,2664,1266,72711,79875,4229,1449,74197
13980,"Blacksburg-Christiansburg-Radford, VA Metro Area",155941,79283,19761,1309,58213,76658,17385,929,58344
41060,"St. Cloud, MN Metro Area",155492,78153,7698,2423,68032,77339,7601,3418,66320
14010,"Bloomington, IL Metro Area",154730,74842,10244,1505,63093,79888,13266,1845,64777
21140,"Elkhart-Goshen, IN Metro Area",154380,75687,2255,915,72517,78693,3329,1153,74211
28740,"Kingston, NY Metro Area",153266,75863,3868,791,71204,77403,6380,1496,69527
39460,"Punta Gorda, FL Metro Area",151736,73398,1517,676,71205,78338,2500,947,74891
47580,"Warner Robins, GA Metro Area",148624,70616,6574,1246,62796,78008,8373,1406,68229
23580,"Gainesville, GA Metro Area",148311,73164,3493,657,69014,75147,4608,1170,69369
39820,"Redding, CA Metro Area",147277,71665,3870,1173,66622,75612,4834,1813,68965
27340,"Jacksonville, NC Metro Area",144297,79615,5077,891,73647,64682,6686,1424,56572
24780,"Greenville, NC Metro Area",142762,65740,12638,454,52648,77022,18532,767,57723
17860,"Columbia, MO Metro Area",142745,68251,14324,1186,52741,74494,16678,1936,55880
14020,"Bloomington, IN Metro Area",141516,70219,19882,891,49446,71297,20325,716,50256
33740,"Monroe, LA Metro Area",141310,66972,3831,409,62732,74338,5592,445,68301
45460,"Terre Haute, IN Metro Area",141192,71353,5743,1578,64032,69839,7013,1177,61649
13460,"Bend-Redmond, OR Metro Area",140631,68787,3570,546,64671,71844,5314,377,66153
36780,"Oshkosh-Neenah, WI Metro Area",140024,70382,6245,361,63776,69642,7951,668,61023
27900,"Joplin, MO Metro Area",139507,67595,3461,1034,63100,71912,4331,1432,66149
20700,"East Stroudsburg, PA Metro Area",139349,68382,4511,938,62933,70967,5383,1205,64379
44300,"State College, PA Metro Area",139070,73320,21053,957,51310,65750,16589,856,48305
47940,"Waterloo-Cedar Falls, IA Metro Area",138902,67308,6617,1271,59420,71594,8689,1877,61028
34740,"Muskegon, MI Metro Area",138401,68313,2451,1119,64743,70088,3579,1444,65065
20100,"Dover, DE Metro Area",137703,65524,4501,1487,59536,72179,6514,2245,63420
20940,"El Centro, CA Metro Area",136009,69577,5267,414,63896,66432,6316,684,59432
20740,"Eau Claire, WI Metro Area",135691,67648,7241,399,60008,68043,8148,590,59305
10180,"Abilene, TX Metro Area",135390,68500,2766,3470,62264,66890,3186,4683,59021
14540,"Bowling Green, KY Metro Area",135288,65992,7238,618,58136,69296,9070,335,59891
26980,"Iowa City, IA Metro Area",135224,66740,14601,848,51291,68484,15025,981,52478
13740,"Billings, MT Metro Area",134013,65431,2552,702,62177,68582,3573,796,64213
27980,"Kahului-Wailuku-Lahaina, HI Metro Area",132034,65429,2447,446,62536,66605,3587,722,62296
43580,"Sioux City, IA-NE-SD Metro Area",131925,64679,2750,1242,60687,67246,3165,1727,62354
49700,"Yuba City, CA Metro Area",130908,65034,4033,1097,59904,65874,4815,1197,59862
39380,"Pueblo, CO Metro Area",130872,63870,3998,428,59444,67002,5832,669,60501
27100,"Jackson, MI Metro Area",130501,66680,2920,932,62828,63821,3837,2094,57890
12620,"Bangor, ME Metro Area",129521,63421,6222,1327,55872,66100,7327,1142,57631
27500,"Janesville-Beloit, WI Metro Area",129257,62896,2552,1030,59314,66361,3300,1744,61317
15500,"Burlington, NC Metro Area",126874,59145,2727,1872,54546,67729,3573,3347,60809
35660,"Niles-Benton Harbor, MI Metro Area",126396,61144,2356,2318,56470,65252,3240,2057,59955
12220,"Auburn-Opelika, AL Metro Area",126114,61828,12769,1064,47995,64286,13184,961,50141
42680,"Sebastian-Vero Beach, FL Metro Area",124686,59384,2041,536,56807,65302,2696,624,61982
47220,"Vineland-Bridgeton, NJ Metro Area",124677,64134,1983,628,61523,60543,3086,777,56680
36860,"Ottawa-Peru, IL Micro Area",124312,62055,2575,476,59004,62257,3127,739,58391
19460,"Decatur, AL Metro Area",124027,60272,2548,136,57588,63755,3170,485,60100
16540,"Chambersburg-Waynesboro, PA Metro Area",123965,60318,1690,491,58137,63647,3129,848,59670
18180,"Concord, NH Micro Area",123881,60619,2761,1937,55921,63262,2728,3267,57267
42140,"Santa Fe, NM Metro Area",123615,59671,3221,722,55728,63944,4702,1096,58146
26140,"Homosassa Springs, FL Metro Area",123398,59223,1353,256,57614,64175,1752,615,61808
10780,"Alexandria, LA Metro Area",122983,60214,1753,930,57531,62769,3441,1180,58148
33260,"Midland, TX Metro Area",122959,61063,2823,462,57778,61896,4010,572,57314
48660,"Wichita Falls, TX Metro Area",122860,63317,4056,454,58807,59543,5037,645,53861
45900,"Traverse City, MI Micro Area",122799,60343,2709,261,57373,62456,3580,688,58188
10500,"Albany, GA Metro Area",122752,56987,4427,455,52105,65765,8812,786,56167
33780,"Monroe, MI Metro Area",122646,60069,3071,409,56589,62577,3979,601,57997
27620,"Jefferson City, MO Metro Area",122426,62575,2887,1092,58596,59851,3671,1433,54747
39060,"Pottsville, PA Micro Area",122036,62211,1470,549,60192,59825,1977,850,56998
22520,"Florence-Muscle Shoals, AL Metro Area",121949,57665,3777,369,53519,64284,5122,345,58817
48540,"Wheeling, WV-OH Metro Area",121891,60199,2074,548,57577,61692,3412,1122,57158
40580,"Rocky Mount, NC Metro Area",120964,56350,2424,665,53261,64614,4362,1084,59168
24300,"Grand Junction, CO Metro Area",120407,59222,3996,457,54769,61185,4691,731,55763
45500,"Texarkana, TX-AR Metro Area",120257,59592,2377,712,56503,60665,3342,436,56887
21060,"Elizabethtown-Fort Knox, KY Metro Area",119766,59470,3587,912,54971,60296,4732,1172,54392
20020,"Dothan, AL Metro Area",119497,56503,2267,367,53869,62994,3305,683,59006
17660,"Coeur d'Alene, ID Metro Area",118942,58249,2815,307,55127,60693,3889,647,56157
25620,"Hattiesburg, MS Metro Area",118317,55717,5383,878,49456,62600,8451,1479,52670
31460,"Madera, CA Metro Area",117596,55955,3042,480,52433,61641,4292,720,56629
34060,"Morgantown, WV Metro Area",117040,60382,12740,363,47279,56658,11354,624,44680
41100,"St. George, UT Metro Area",116213,56621,4902,508,51211,59592,5069,738,53785
27780,"Johnstown, PA Metro Area",115923,56730,2840,1329,52561,59193,2990,2295,53908
34900,"Napa, CA Metro Area",115529,57055,3105,1172,52778,58474,3708,1484,53282
25260,"Hanford-Corcoran, CA Metro Area",115439,65575,4005,1082,60488,49864,3839,896,45129
46660,"Valdosta, GA Metro Area",114952,55975,6674,909,48392,58977,8455,517,50005
39660,"Rapid City, SD Metro Area",114388,57602,4075,513,53014,56786,4282,1030,51474
36220,"Odessa, TX Metro Area",114192,57298,3043,805,53450,56894,4284,493,52117
22380,"Flagstaff, AZ Metro Area",113254,55498,10357,564,44577,57756,12820,717,44219
21700,"Eureka-Arcata-Fortuna, CA Micro Area",113177,56278,6572,450,49256,56899,7177,539,49183
29100,"La Crosse-Onalaska, WI-MN Metro Area",113131,54742,5810,746,48186,58389,8495,1686,48208
19140,"Dalton, GA Metro Area",111329,54847,2400,413,52034,56482,3738,468,52276
30140,"Lebanon, PA Metro Area",110623,53496,1405,1647,50444,57127,1695,1578,53854
44220,"Springfield, OH Metro Area",110473,52722,1834,1246,49642,57751,2845,1690,53216
38340,"Pittsfield, MA Metro Area",110165,52790,1973,1957,48860,57375,2832,2843,51700
46180,"Tupelo, MS Micro Area",110153,52640,2794,280,49566,57513,4388,460,52665
41900,"San Germ?n, PR Metro Area",109804,51931,1362,2393,48176,57873,1628,3453,52792
48140,"Wausau, WI Metro Area",109306,54631,2893,398,51340,54675,3130,701,50844
27460,"Jamestown-Dunkirk-Fredonia, NY Micro Area",109277,53650,3761,414,49475,55627,4401,611,50615
12980,"Battle Creek, MI Metro Area",108868,52581,2425,942,49214,56287,3407,1232,51648
25500,"Harrisonburg, VA Metro Area",108773,52157,8253,1304,42600,56616,11132,1601,43883
49020,"Winchester, VA-WV Metro Area",108081,53408,2015,1015,50378,54673,2082,1933,50658
24020,"Glens Falls, NY Metro Area",107361,53776,1688,494,51594,53585,2335,708,50542
45540,"The Villages, FL Metro Area",106498,53764,494,296,52974,52734,858,320,51556
31300,"Lumberton, NC Micro Area",105574,50152,2893,219,47040,55422,4736,481,50205
16060,"Carbondale-Marion, IL Metro Area",105352,52420,8923,303,43194,52932,8046,403,44483
27180,"Jackson, TN Metro Area",105042,49135,1937,2184,45014,55907,2890,3153,49864
11020,"Altoona, PA Metro Area",104367,50350,1977,611,47762,54017,2639,689,50689
43420,"Sierra Vista-Douglas, AZ Metro Area",104355,53145,3278,536,49331,51210,3063,887,47260
35100,"New Bern, NC Metro Area",104062,52463,2867,434,49162,51599,3650,676,47273
30020,"Lawton, OK Metro Area",103799,53904,3579,664,49661,49895,4479,471,44945
41140,"St. Joseph, MO-KS Metro Area",103748,53386,2840,356,50190,50362,3612,404,46346
30940,"London, KY Micro Area",102398,49510,1611,1091,46808,52888,2516,1175,49197
48260,"Weirton-Steubenville, WV-OH Metro Area",102184,48980,1781,1300,45899,53204,2442,2270,48492
13220,"Beckley, WV Metro Area",101690,50962,1633,308,49021,50728,2177,861,47690
13900,"Bismarck, ND Metro Area",101671,50673,1997,829,47847,50998,2513,1739,46746
26820,"Idaho Falls, ID Metro Area",101343,50336,2204,947,47185,51007,2546,811,47650
12300,"Augusta-Waterville, ME Micro Area",101245,48813,1846,1493,45474,52432,2866,1719,47847
27860,"Jonesboro, AR Metro Area",100898,48465,4281,362,43822,52433,5787,228,46418
25220,"Hammond, LA Metro Area",100751,48020,3588,184,44248,52731,5779,426,46526
31900,"Mansfield, OH Metro Area",99899,50611,1732,691,48188,49288,2478,735,46075
44420,"Staunton-Waynesboro, VA Metro Area",99757,48204,1207,487,46510,51553,1819,1436,48298
43300,"Sherman-Denison, TX Metro Area",99653,47981,2344,937,44700,51672,3217,651,47804
24140,"Goldsboro, NC Metro Area",99327,48153,2928,736,44489,51174,3732,1375,46067
34620,"Muncie, IN Metro Area",98436,46915,7778,315,38822,51521,10197,664,40660
34580,"Mount Vernon-Anacortes, WA Metro Area",97998,48259,1592,270,46397,49739,2408,422,46909
29940,"Lawrence, KS Metro Area",97852,48474,12310,1003,35161,49378,12073,806,36499
17420,"Cleveland, TN Metro Area",97836,47166,1715,1458,43993,50670,2314,2306,46050
20380,"Dunn, NC Micro Area",97514,47740,2894,1784,43062,49774,3887,2103,43784
10540,"Albany, OR Metro Area",96837,47316,3151,191,43974,49521,3300,476,45745
30860,"Logan, UT-ID Metro Area",96828,48113,8477,500,39136,48715,8892,459,39364
48700,"Williamsport, PA Metro Area",96376,46936,2107,1228,43601,49440,2405,1362,45673
34100,"Morristown, TN Metro Area",95027,46077,1570,685,43822,48950,1652,1166,46132
11500,"Anniston-Oxford-Jacksonville, AL Metro Area",94870,45052,3076,302,41674,49818,4091,272,45455
22140,"Farmington, NM Metro Area",94749,46693,3056,264,43373,48056,3999,356,43701
33540,"Missoula, MT Metro Area",94491,47330,6031,126,41173,47161,7135,304,39722
41660,"San Angelo, TX Metro Area",94422,46489,3972,335,42182,47933,4039,474,43420
43100,"Sheboygan, WI Metro Area",93700,46945,1857,840,44248,46755,1972,1211,43572
36980,"Owensboro, KY Metro Area",93141,44929,1679,670,42580,48212,2562,991,44659
15260,"Brunswick, GA Metro Area",93076,43904,1989,363,41552,49172,2382,435,46355
48060,"Watertown-Fort Drum, NY Metro Area",92897,48997,2354,685,45958,43900,3400,881,39619
36300,"Ogdensburg-Massena, NY Micro Area",92445,46995,3525,2813,40657,45450,4352,2231,38867
49300,"Wooster, OH Micro Area",92112,45066,2363,1092,41611,47046,2289,1462,43295
27060,"Ithaca, NY Metro Area",91251,44498,4103,10490,29905,46753,5073,9633,32047
48300,"Wenatchee, WA Metro Area",90982,45083,1423,228,43432,45899,2093,592,43214
33140,"Michigan City-La Porte, IN Metro Area",90925,47272,1443,646,45183,43653,2445,541,40667
26090,"Holland, MI Micro Area",90477,44786,1559,276,42951,45691,2197,356,43138
40700,"Roseburg, OR Micro Area",90254,44257,1647,456,42154,45997,2087,271,43639
18260,"Cookeville, TN Micro Area",89340,43805,4390,466,38949,45535,4019,301,41215
28100,"Kankakee, IL Metro Area",89321,43419,2346,1111,39962,45902,2373,2273,41256
19500,"Decatur, IL Metro Area",88219,41649,1465,1081,39103,46570,2173,1285,43112
13020,"Bay City, MI Metro Area",87904,42849,2754,321,39774,45055,2916,401,41738
15680,"California-Lexington Park, MD Metro Area",87804,43630,3003,796,39831,44174,4590,580,39004
30340,"Lewiston-Auburn, ME Metro Area",87686,42609,1491,1114,40004,45077,2750,1243,41084
14140,"Bluefield, WV-VA Micro Area",87497,42072,1801,524,39747,45425,2340,625,42460
41400,"Salem, OH Micro Area",87280,43828,1311,300,42217,43452,1812,355,41285
19260,"Danville, VA Micro Area",86872,41140,1889,672,38579,45732,2548,992,42192
40080,"Richmond-Berea, KY Micro Area",85773,41384,5832,1068,34484,44389,6543,1253,36593
19060,"Cumberland, MD-WV Metro Area",85504,43797,3911,205,39681,41707,3900,345,37462
44940,"Sumter, SC Metro Area",85450,40623,2562,735,37326,44827,3954,1065,39808
23460,"Gadsden, AL Metro Area",84850,40549,1818,138,38593,44301,2756,247,41298
32940,"Meridian, MS Micro Area",84728,40572,2077,177,38318,44156,3996,321,39839
23900,"Gettysburg, PA Metro Area",84613,41409,1002,1723,38684,43204,1902,2088,39214
46020,"Truckee-Grass Valley, CA Micro Area",84468,41521,2172,423,38926,42947,2611,410,39926
48580,"Whitewater-Elkhorn, WI Micro Area",84458,41892,4164,382,37346,42566,4580,698,37288
30620,"Lima, OH Metro Area",84408,42491,3191,1643,37657,41917,2368,1083,38466
42700,"Sebring, FL Metro Area",84323,40676,759,254,39663,43647,1538,258,41851
22540,"Fond du Lac, WI Metro Area",83484,40605,1460,834,38311,42879,1831,1474,39574
32420,"Mayag?ez, PR Metro Area",83426,39155,4060,2081,33014,44271,3463,2444,38364
31020,"Longview, WA Metro Area",83352,41119,1514,348,39257,42233,2077,379,39777
43320,"Show Low, AZ Micro Area",83230,41507,1703,260,39544,41723,2008,189,39526
24220,"Grand Forks, ND-MN Metro Area",82989,42552,7336,427,34789,40437,6571,181,33685
46100,"Tullahoma-Manchester, TN Micro Area",82854,39921,1225,877,37819,42933,1439,1249,40245
31860,"Mankato-North Mankato, MN Metro Area",81714,40841,6326,1706,32809,40873,6405,2149,32319
36140,"Ocean City, NJ Metro Area",81488,39497,1704,417,37376,41991,2160,570,39261
11180,"Ames, IA Metro Area",81248,42329,16344,252,25733,38919,12830,500,25589
10300,"Adrian, MI Micro Area",81122,40880,1456,1511,37913,40242,2135,1258,36849
14580,"Bozeman, MT Micro Area",80884,41834,6717,211,34906,39050,6043,225,32782
11780,"Ashtabula, OH Micro Area",80869,40401,1118,313,38970,40468,2112,437,37919
31740,"Manhattan, KS Metro Area",80748,42553,10427,594,31532,38195,10857,586,26752
26300,"Hot Springs, AR Metro Area",80494,38243,1524,186,36533,42251,2425,184,39642
18500,"Corning, NY Micro Area",80244,39672,1191,266,38215,40572,1726,657,38189
37140,"Paducah, KY-IL Micro Area",80047,38010,1671,135,36204,42037,2688,354,38995
16020,"Cape Girardeau, MO-IL Metro Area",79715,38425,4533,190,33702,41290,5382,490,35418
43140,"Shelby, NC Micro Area",79394,37695,2061,554,35080,41699,2486,1219,37994
21820,"Fairbanks, AK Metro Area",79153,42869,5197,613,37059,36284,4515,506,31263
46300,"Twin Falls, ID Micro Area",78666,38714,2081,150,36483,39952,3066,545,36341
44980,"Sunbury, PA Micro Area",78317,39431,646,287,38498,38886,1253,394,37239
42940,"Sevierville, TN Micro Area",78024,37729,1094,332,36303,40295,1294,557,38444
20220,"Dubuque, IA Metro Area",77891,38209,1205,2310,34694,39682,1614,2353,35715
17220,"Clarksburg, WV Micro Area",77623,38217,1101,367,36749,39406,1856,402,37148
47020,"Victoria, TX Metro Area",77493,37695,1361,239,36095,39798,2603,200,36995
38220,"Pine Bluff, AR Metro Area",77394,39414,1807,560,37047,37980,2967,716,34297
40660,"Rome, GA Metro Area",77307,36923,1423,1306,34194,40384,2100,2003,36281
16940,"Cheyenne, WY Metro Area",77286,38983,2888,316,35779,38303,3155,483,34665
28060,"Kalispell, MT Micro Area",77068,38027,928,165,36934,39041,1506,529,37006
24940,"Greenwood, SC Micro Area",76977,35657,1835,590,33232,41320,3444,604,37272
38240,"Pinehurst-Southern Pines, NC Micro Area",76591,36399,1280,387,34732,40192,2135,439,37618
37620,"Parkersburg-Vienna, WV Metro Area",75972,36485,1552,354,34579,39487,2128,507,36852
45180,"Talladega-Sylacauga, AL Micro Area",75536,36570,1245,182,35143,38966,1885,349,36732
18700,"Corvallis, OR Metro Area",75492,38062,10948,227,26887,37430,9125,228,28077
35420,"New Philadelphia-Dover, OH Micro Area",75130,36505,1431,220,34854,38625,1887,369,36369
10700,"Albertville, AL Micro Area",75127,36684,1387,77,35220,38443,2227,168,36048
14660,"Brainerd, MN Micro Area",75125,37437,1125,147,36165,37688,1950,298,35440
26860,"Indiana, PA Micro Area",74220,37005,5501,200,31304,37215,5580,423,31212
35260,"New Castle, PA Micro Area",73884,35392,1088,716,33588,38492,1322,1004,36166
13180,"Beaver Dam, WI Micro Area",73167,38523,1059,378,37086,34644,1403,494,32747
26660,"Huntsville, TX Micro Area",72996,41931,5080,121,36730,31065,6352,264,24449
36700,"Orangeburg, SC Micro Area",72834,33516,2520,538,30458,39318,3571,1074,34673
14100,"Bloomsburg-Berwick, PA Metro Area",72082,34292,3747,313,30232,37790,4896,303,32591
21300,"Elmira, NY Metro Area",71763,35420,834,563,34023,36343,1875,1159,33309
32740,"Meadville, PA Micro Area",71709,34617,921,1348,32348,37092,1276,1241,34575
46380,"Ukiah, CA Micro Area",71637,35558,1486,234,33838,36079,2336,402,33341
14700,"Branson, MO Micro Area",71251,34492,1129,842,32521,36759,1696,1023,34040
24420,"Grants Pass, OR Metro Area",70675,34297,1079,90,33128,36378,1573,321,34484
49780,"Zanesville, OH Micro Area",69700,33334,1247,609,31478,36366,1995,993,33378
38460,"Plattsburgh, NY Micro Area",69297,35545,2834,234,32477,33752,3901,318,29533
34180,"Moses Lake, WA Micro Area",69230,34873,1595,80,33198,34357,1762,287,32308
48020,"Watertown-Fort Atkinson, WI Micro Area",69112,34294,2491,555,31248,34818,2566,550,31702
20180,"DuBois, PA Micro Area",68724,35966,825,187,34954,32758,984,386,31388
31260,"Lufkin, TX Micro Area",68651,33195,1401,62,31732,35456,2600,270,32586
25840,"Hermiston-Pendleton, OR Micro Area",68593,35873,1226,214,34433,32720,2125,169,30426
33220,"Midland, MI Metro Area",68574,33556,1809,687,31060,35018,1901,861,32256
40780,"Russellville, AR Micro Area",68164,33350,3445,101,29804,34814,3778,694,30342
28580,"Key West, FL Micro Area",67456,35745,1277,573,33895,31711,1381,588,29742
36020,"Oak Harbor, WA Micro Area",67353,33347,1568,387,31392,34006,1698,499,31809
29020,"Kokomo, IN Metro Area",67112,31954,1599,231,30124,35158,2014,226,32918
29860,"Laurel, MS Micro Area",67080,31997,1452,260,30285,35083,1537,613,32933
44660,"Stillwater, OK Micro Area",66734,34097,10614,215,23268,32637,9066,261,23310
24500,"Great Falls, MT Metro Area",66396,33194,1644,389,31161,33202,2164,458,30580
31820,"Manitowoc, WI Micro Area",66375,32836,1002,260,31574,33539,1523,529,31487
18980,"Cullman, AL Micro Area",66165,32498,1107,271,31120,33667,1580,197,31890
24260,"Grand Island, NE Metro Area",65921,32805,985,189,31631,33116,1634,408,31074
12180,"Auburn, NY Micro Area",65763,33700,1415,549,31736,32063,1488,887,29688
48980,"Wilson, NC Micro Area",65704,30533,1105,313,29115,35171,2202,915,32054
25020,"Guayama, PR Metro Area",65367,31573,1474,801,29298,33794,1838,1092,30864
11980,"Athens, TX Micro Area",64925,31252,1114,177,29961,33673,1769,205,31699
38540,"Pocatello, ID Metro Area",64870,32086,4028,261,27797,32784,4208,313,28263
36660,"Opelousas, LA Micro Area",64798,30514,482,231,29801,34284,1067,352,32865
43740,"Somerset, PA Micro Area",64760,33761,762,248,32751,30999,1083,335,29581
28300,"Keene, NH Micro Area",64723,31423,1878,902,28643,33300,3508,1207,28585
16220,"Casper, WY Metro Area",64467,32490,1565,183,30742,31977,2746,338,28893
18020,"Columbus, IN Metro Area",63978,31861,1139,225,30497,32117,2194,410,29513
36460,"Olean, NY Micro Area",63823,31318,761,972,29585,32505,1276,1265,29964
25740,"Helena, MT Micro Area",63784,31597,1165,819,29613,32187,1280,1189,29718
19180,"Danville, IL Metro Area",63687,31476,1141,120,30215,32211,1559,171,30481
39020,"Portsmouth, OH Micro Area",63429,31049,1487,291,29271,32380,2386,326,29668
17060,"Chillicothe, OH Micro Area",63404,33408,1278,196,31934,29996,1512,423,28061
42620,"Searcy, AR Micro Area",63302,30622,1317,2103,27202,32680,1649,2623,28408
41780,"Sandusky, OH Micro Area",62938,30560,1266,339,28955,32378,1871,541,29966
42860,"Seneca, SC Micro Area",62600,30663,1576,239,28848,31937,2300,191,29446
47700,"Warsaw, IN Micro Area",62588,30893,889,614,29390,31695,1190,891,29614
38820,"Port Angeles, WA Micro Area",62525,30756,1396,248,29112,31769,1366,291,30112
39500,"Quincy, IL-MO Micro Area",62507,30234,786,742,28706,32273,1536,953,29784
16500,"Centralia, WA Micro Area",62137,30834,1179,264,29391,31303,1646,429,29228
33500,"Minot, ND Micro Area",61728,32581,2254,328,29999,29147,2361,335,26451
22300,"Findlay, OH Micro Area",61413,29907,1133,1204,27570,31506,1326,2207,27973
44340,"Statesboro, GA Micro Area",60961,29899,8707,280,20912,31062,8914,390,21758
25980,"Hinesville, GA Metro Area",60856,30936,2120,436,28380,29920,3416,718,25786
40260,"Roanoke Rapids, NC Micro Area",60741,28749,1011,199,27539,31992,1900,439,29653
24640,"Greenfield Town, MA Micro Area",60375,29227,1518,331,27378,31148,1826,688,28634
34380,"Mount Pleasant, MI Micro Area",60316,29099,8884,267,19948,31217,10814,370,20033
49220,"Wisconsin Rapids-Marshfield, WI Micro Area",60249,29583,1185,279,28119,30666,1272,410,28984
24060,"Glenwood Springs, CO Micro Area",60073,30992,954,214,29824,29081,1554,532,26995
34340,"Mount Airy, NC Micro Area",59674,28704,1229,98,27377,30970,1301,230,29439
37260,"Palatka, FL Micro Area",59156,28826,739,95,27992,30330,1188,253,28889
44620,"Stevens Point, WI Micro Area",59110,29505,4553,260,24692,29605,5003,307,24295
10140,"Aberdeen, WA Micro Area",58904,30316,1201,172,28943,28588,1293,142,27153
23180,"Frankfort, KY Micro Area",58715,28156,1047,353,26756,30559,2112,439,28008
33980,"Morehead City, NC Micro Area",58232,28314,1298,205,26811,29918,1828,359,27731
24620,"Greeneville, TN Micro Area",57438,27752,842,369,26541,29686,1092,608,27986
32100,"Marquette, MI Micro Area",57295,28839,3688,236,24915,28456,4476,210,23770
28180,"Kapaa, HI Micro Area",57183,28294,982,248,27064,28889,1147,521,27221
43060,"Shawnee, OK Micro Area",57111,26777,1080,480,25217,30334,1608,957,27769
11900,"Athens, OH Micro Area",56975,28361,9513,296,18552,28614,9751,276,18587
35900,"North Wilkesboro, NC Micro Area",56825,27817,1044,108,26665,29008,1171,204,27633
37020,"Owosso, MI Micro Area",56527,27691,1267,455,25969,28836,1568,661,26607
31980,"Marion, IN Micro Area",56498,26798,866,1988,23944,29700,981,2921,25798
22840,"Fort Payne, AL Micro Area",56444,27581,1111,85,26385,28863,1230,211,27422
29380,"Lake City, FL Micro Area",55676,28832,747,188,27897,26844,1573,294,24977
34780,"Muskogee, OK Micro Area",55573,26816,1270,375,25171,28757,1724,330,26703
23700,"Gallup, NM Micro Area",55394,26096,1348,222,24526,29298,2177,333,26788
22580,"Forest City, NC Micro Area",55162,26489,847,234,25408,28673,1503,291,26879
39980,"Richmond, IN Micro Area",55081,26421,1274,659,24488,28660,1662,753,26245
29300,"LaGrange, GA Micro Area",54714,25917,947,192,24778,28797,1518,654,26625
32300,"Martinsville, VA Micro Area",54531,25541,925,120,24496,28990,1506,420,27064
31940,"Marinette, WI-MI Micro Area",54524,27305,899,215,26191,27219,1447,296,25476
22100,"Farmington, MO Micro Area",54431,29751,754,256,28741,24680,1575,277,22828
32020,"Marion, OH Micro Area",54275,29102,1001,231,27870,25173,1501,218,23454
28900,"Klamath Falls, OR Micro Area",54052,26917,1688,85,25144,27135,2081,142,24912
16660,"Charleston-Mattoon, IL Micro Area",53748,25810,3854,59,21897,27938,5723,252,21963
17340,"Clearlake, CA Micro Area",53387,26473,1097,189,25187,26914,1441,319,25154
18300,"Coos Bay, OR Micro Area",53315,26071,759,25,25287,27244,1005,403,25836
22060,"Faribault-Northfield, MN Micro Area",53110,27081,889,2768,23424,26029,1027,3397,21605
26460,"Hudson, NY Micro Area",52720,26302,652,287,25363,26418,927,411,25080
36580,"Oneonta, NY Micro Area",52648,25251,2942,645,21664,27397,3538,1204,22655
47460,"Walla Walla, WA Metro Area",52590,26821,1683,1354,23784,25769,1687,1462,22620
34860,"Nacogdoches, TX Micro Area",52526,24720,4115,55,20550,27806,6182,75,21549
32220,"Marshall, TX Micro Area",52381,25367,779,450,24138,27014,1263,540,25211
10460,"Alamogordo, NM Micro Area",52148,26739,1593,279,24867,25409,2364,233,22812
43700,"Somerset, KY Micro Area",51921,25070,970,118,23982,26851,1209,302,25340
21020,"Elizabeth City, NC Micro Area",51898,25252,1777,160,23315,26646,2713,213,23720
26960,"Ionia, MI Micro Area",51825,27490,1090,475,25925,24335,1204,322,22809
26740,"Hutchinson, KS Micro Area",51632,25872,1181,139,24552,25760,1295,200,24265
40860,"Rutland, VT Micro Area",51345,25002,1433,460,23109,26343,1971,645,23727
43220,"Shelton, WA Micro Area",51251,26380,652,83,25645,24871,928,72,23871
31930,"Marietta, OH Micro Area",51223,25162,914,749,23499,26061,984,689,24388
30300,"Lewiston, ID-WA Metro Area",51206,24906,1336,195,23375,26300,1835,200,24265
12660,"Baraboo, WI Micro Area",51203,25326,864,225,24237,25877,1041,304,24532
26020,"Hobbs, NM Micro Area",51198,26321,824,301,25196,24877,1410,137,23330
23860,"Georgetown, SC Micro Area",50983,23896,781,218,22897,27087,1383,321,25383
29060,"Laconia, NH Micro Area",50961,24712,703,431,23578,26249,1377,568,24304
40740,"Roswell, NM Micro Area",50957,25078,1290,500,23288,25879,1612,317,23950
42380,"Sayre, PA Micro Area",50519,24845,571,159,24115,25674,901,219,24554
39780,"Red Bluff, CA Micro Area",50485,24856,771,96,23989,25629,1827,258,23544
22800,"Fort Madison-Keokuk, IA-IL-MO Micro Area",49944,24953,749,150,24054,24991,1148,228,23615
10620,"Albemarle, NC Micro Area",49686,24568,787,474,23307,25118,1237,538,23343
12740,"Barre, VT Micro Area",49466,24277,634,1563,22080,25189,830,880,23479
13720,"Big Stone Gap, VA Micro Area",49368,25215,1139,108,23968,24153,1385,179,22589
18900,"Crossville, TN Micro Area",49320,23842,582,105,23155,25478,772,298,24408
34540,"Mount Vernon, OH Micro Area",49280,23922,522,1569,21831,25358,921,1791,22646
41460,"Salina, KS Micro Area",49206,24331,1630,368,22333,24875,1640,403,22832
12860,"Batavia, NY Micro Area",49092,24357,951,249,23157,24735,1374,475,22886
21420,"Enid, OK Metro Area",48827,24174,821,156,23197,24653,1148,283,23222
27600,"Jefferson, GA Micro Area",48777,23827,1273,90,22464,24950,1390,213,23347
23380,"Fremont, OH Micro Area",48553,23694,914,295,22485,24859,1405,389,23065
37300,"Palestine, TX Micro Area",48472,30554,2101,100,28353,17918,718,117,17083
37080,"Oxford, NC Micro Area",48236,24458,1166,369,22923,23778,1397,342,22039
44780,"Sturgis, MI Micro Area",48232,23852,727,101,23024,24380,997,135,23248
18060,"Columbus, MS Micro Area",47914,22470,1404,117,20949,25444,3032,135,22277
22260,"Fergus Falls, MN Micro Area",47547,23746,693,198,22855,23801,758,202,22841
28820,"Kinston, NC Micro Area",47439,22363,1038,122,21203,25076,1904,263,22909
21900,"Fairmont, WV Micro Area",47240,23007,1770,162,21075,24233,2408,201,21624
14380,"Boone, NC Micro Area",47047,23387,7551,174,15662,23660,8108,174,15378
41820,"Sanford, NC Micro Area",46984,22586,1048,224,21314,24398,1479,293,22626
38580,"Point Pleasant, WV-OH Micro Area",46869,22496,740,278,21478,24373,1049,354,22970
35940,"Norwalk, OH Micro Area",46739,22937,730,125,22082,23802,1098,248,22456
44580,"Sterling, IL Micro Area",46546,22765,613,179,21973,23781,1189,392,22200
43760,"Sonora, CA Micro Area",46510,24412,1258,134,23020,22098,1087,134,20877
33300,"Milledgeville, GA Micro Area",46010,23600,2593,506,20501,22410,3828,564,18018
20140,"Dublin, GA Micro Area",45932,21943,790,72,21081,23989,1132,364,22493
45660,"Tiffin, OH Micro Area",45485,22484,580,1438,20466,23001,849,1185,20967
46980,"Vicksburg, MS Micro Area",45473,21335,1193,45,20097,24138,2079,293,21766
40100,"Rio Grande City, TX Micro Area",45434,21777,1356,41,20380,23657,1478,27,22152
20420,"Durango, CO Micro Area",45232,22784,1957,237,20590,22448,2544,330,19574
23500,"Gaffney, SC Micro Area",45161,21744,917,603,20224,23417,947,456,22014
16180,"Carson City, NV Metro Area",45129,22994,1595,19,21380,22135,1839,201,20095
24100,"Gloversville, NY Micro Area",45121,22236,793,156,21287,22885,1003,216,21666
36340,"Oil City, PA Micro Area",44625,21794,494,187,21113,22831,737,267,21827
38100,"Picayune, MS Micro Area",44597,21773,1146,149,20478,22824,1721,253,20850
47660,"Warrensburg, MO Micro Area",44335,22843,3897,388,18558,21492,4626,177,16689
19220,"Danville, KY Micro Area",44309,21687,756,704,20227,22622,1246,972,20404
15660,"Calhoun, GA Micro Area",44303,21525,730,174,20621,22778,1111,56,21611
27540,"Jasper, IN Micro Area",44258,21889,559,114,21216,22369,1172,177,21020
37060,"Oxford, MS Micro Area",44211,21333,5809,233,15291,22878,6612,175,16091
37740,"Payson, AZ Micro Area",44123,21770,759,249,20762,22353,803,125,21425
16100,"Carlsbad-Artesia, NM Micro Area",44098,22218,589,43,21586,21880,1312,131,20437
28260,"Kearney, NE Micro Area",44080,21789,2631,139,19019,22291,3669,104,18518
48180,"Waycross, GA Micro Area",43571,21469,654,30,20785,22102,1092,119,20891
49100,"Winona, MN Micro Area",43479,21387,2846,722,17819,22092,4454,713,16925
11740,"Ashland, OH Micro Area",43402,21032,369,1300,19363,22370,1106,1382,19882
42460,"Scottsboro, AL Micro Area",43317,20998,652,72,20274,22319,768,148,21403
23660,"Galesburg, IL Micro Area",43259,21790,868,825,20097,21469,1036,825,19608
11940,"Athens, TN Micro Area",43222,20869,523,355,19991,22353,1014,426,20913
31660,"Malone, NY Micro Area",42970,23613,590,617,22406,19357,753,366,18238
38420,"Platteville, WI Micro Area",42948,22441,4138,77,18226,20507,2468,309,17730
22780,"Fort Leonard Wood, MO Micro Area",42923,24962,3457,648,20857,17961,2010,529,15422
23980,"Glasgow, KY Micro Area",42917,20700,650,95,19955,22217,1452,250,20515
20780,"Edwards, CO Micro Area",42620,22684,768,278,21638,19936,963,271,18702
28500,"Kerrville, TX Micro Area",42524,20264,634,471,19159,22260,903,357,21000
22280,"Fernley, NV Micro Area",42400,21387,498,155,20734,21013,818,308,19887
40300,"Rochelle, IL Micro Area",42258,20943,924,254,19765,21315,1056,303,19956
34020,"Morgan City, LA Micro Area",42244,20688,469,92,20127,21556,693,87,20776
32380,"Mason City, IA Micro Area",42172,20444,696,156,19592,21728,1173,313,20242
44260,"Starkville, MS Micro Area",42068,21116,8640,271,12205,20952,7500,67,13385
35020,"Natchez, MS-LA Micro Area",42063,21127,624,95,20408,20936,1337,141,19458
36620,"Ontario, OR-ID Micro Area",41875,22266,1100,215,20951,19609,1059,220,18330
24820,"Greenville, OH Micro Area",41834,20434,704,139,19591,21400,1089,206,20105
12780,"Bartlesville, OK Micro Area",41781,19967,626,287,19054,21814,1041,382,20391
20580,"Eagle Pass, TX Micro Area",41712,20466,768,133,19565,21246,1257,343,19646
32620,"McComb, MS Micro Area",41443,19452,793,45,18614,21991,1336,250,20405
21220,"Elko, NV Micro Area",41411,21621,488,55,21078,19790,1197,165,18428
39420,"Pullman, WA Micro Area",41375,21084,9297,149,11638,20291,8853,216,11222
41220,"St. Marys, GA Micro Area",41127,21248,1011,450,19787,19879,1266,322,18291
21460,"Enterprise, AL Micro Area",41046,20089,800,237,19052,20957,1217,199,19541
18660,"Cortland, NY Micro Area",40825,19731,2529,136,17066,21094,3619,277,17198
15860,"Ca?on City, CO Micro Area",40730,24313,650,163,23500,16417,523,260,15634
35220,"New Castle, IN Micro Area",40657,21156,797,102,20257,19501,882,175,18444
23820,"Gardnerville Ranchos, NV Micro Area",40428,20297,516,149,19632,20131,962,232,18937
11220,"Amsterdam, NY Micro Area",40356,19665,769,295,18601,20691,912,449,19330
27380,"Jacksonville, TX Micro Area",40325,20463,694,285,19484,19862,831,280,18751
22860,"Fort Polk South, LA Micro Area",40076,21225,1265,175,19785,18851,1537,294,17020
35440,"Newport, OR Micro Area",39971,19187,541,80,18566,20784,789,141,19854
37580,"Paris, TX Micro Area",39948,19064,1237,96,17731,20884,1138,176,19570
37120,"Ozark, AL Micro Area",39892,19488,1146,228,18114,20404,1556,277,18571
40820,"Ruston, LA Micro Area",39528,19108,5038,252,13818,20420,4636,162,15622
47820,"Washington, NC Micro Area",39171,18546,979,44,17523,20625,1090,137,19398
39940,"Rexburg, ID Micro Area",39138,19749,975,5402,13372,19389,1345,4635,13409
45140,"Tahlequah, OK Micro Area",39101,19253,2329,179,16745,19848,2357,263,17228
17580,"Clovis, NM Micro Area",38916,20174,1322,158,18694,18742,1960,28,16754
17540,"Clinton, IA Micro Area",38848,18816,533,309,17974,20032,951,468,18613
26500,"Huntingdon, PA Micro Area",38655,20695,388,782,19525,17960,486,901,16573
30260,"Lewisburg, PA Micro Area",38561,21501,469,2277,18755,17060,382,2113,14565
43380,"Sidney, OH Micro Area",38504,19133,591,154,18388,19371,757,270,18344
15620,"Cadillac, MI Micro Area",38503,19327,502,106,18719,19176,859,194,18123
15460,"Burlington, IA-IL Micro Area",38404,18717,625,136,17956,19687,956,122,18609
11620,"Ardmore, OK Micro Area",38316,18441,867,224,17350,19875,1086,264,18525
35740,"Norfolk, NE Micro Area",38174,18887,1101,105,17681,19287,1385,157,17745
23300,"Freeport, IL Micro Area",38021,18182,778,83,17321,19839,974,179,18686
24740,"Greenville, MS Micro Area",38013,17372,525,97,16750,20641,1471,189,18981
30380,"Lewistown, PA Micro Area",37889,18384,266,90,18028,19505,453,270,18782
39860,"Red Wing, MN Micro Area",37848,18699,670,134,17895,19149,883,254,18012
18620,"Corsicana, TX Micro Area",37693,18277,849,25,17403,19416,905,224,18287
25880,"Hillsdale, MI Micro Area",37641,18664,671,790,17203,18977,745,1094,17138
28340,"Kendallville, IN Micro Area",37565,18684,615,175,17894,18881,850,180,17851
24330,"Grand Rapids, MN Micro Area",37493,18829,619,134,18076,18664,953,154,17557
31580,"Madisonville, KY Micro Area",37477,17906,582,79,17245,19571,816,130,18625
13260,"Bedford, IN Micro Area",37389,18289,729,90,17470,19100,903,178,18019
32000,"Marion, NC Micro Area",37292,18404,634,64,17706,18888,1133,156,17599
43020,"Shawano, WI Micro Area",37219,18527,482,71,17974,18692,924,173,17595
38500,"Plymouth, IN Micro Area",37178,18307,429,131,17747,18871,739,303,17829
25460,"Harrison, AR Micro Area",37151,18137,785,63,17289,19014,1004,154,17856
14220,"Bogalusa, LA Micro Area",37110,18077,770,99,17208,19033,717,132,18184
32860,"Menomonie, WI Micro Area",37046,18557,3482,58,15017,18489,3729,141,14619
19620,"Del Rio, TX Micro Area",37004,18741,802,130,17809,18263,960,190,17113
37220,"Pahrump, NV Micro Area",36998,18592,499,72,18021,18406,357,172,17877
40460,"Rockingham, NC Micro Area",36914,17818,673,171,16974,19096,1090,197,17809
34460,"Mount Sterling, KY Micro Area",36818,18046,547,87,17412,18772,1192,186,17394
40620,"Rolla, MO Micro Area",36813,19256,4555,211,14490,17557,2037,364,15156
47540,"Wapakoneta, OH Micro Area",36677,18126,553,165,17408,18551,914,233,17404
23940,"Gillette, WY Micro Area",36656,19109,728,40,18341,17547,968,94,16485
13660,"Big Rapids, MI Micro Area",36567,18292,3910,142,14240,18275,3674,203,14398
13340,"Bellefontaine, OH Micro Area",36474,17953,413,82,17458,18521,618,182,17721
21260,"Ellensburg, WA Micro Area",36438,18158,3582,310,14266,18280,3888,287,14105
32540,"McAlester, OK Micro Area",36268,18411,359,104,17948,17857,809,138,16910
43180,"Shelbyville, TN Micro Area",36200,17680,397,60,17223,18520,821,119,17580
16260,"Cedar City, UT Micro Area",36107,17856,2632,169,15055,18251,2247,361,15643
13420,"Bemidji, MN Micro Area",35964,17833,1709,214,15910,18131,2182,226,15723
45620,"Thomasville, GA Micro Area",35925,16716,670,297,15749,19209,1097,394,17718
38620,"Ponca City, OK Micro Area",35864,17582,622,95,16865,18282,1042,68,17172
20460,"Durant, OK Micro Area",35848,17306,1258,265,15783,18542,1475,250,16817
20340,"Duncan, OK Micro Area",35829,17295,510,93,16692,18534,887,70,17577
14620,"Bradford, PA Micro Area",35692,18351,850,287,17214,17341,1018,241,16082
35700,"Nogales, AZ Micro Area",35688,16793,615,163,16015,18895,1116,273,17506
25780,"Henderson, NC Micro Area",35633,16309,477,105,15727,19324,1139,216,17969
12680,"Bardstown, KY Micro Area",35623,17296,391,219,16686,18327,879,391,17057
34220,"Moultrie, GA Micro Area",35600,17535,482,89,16964,18065,1111,86,16868
18460,"Cornelia, GA Micro Area",35367,16468,749,283,15436,18899,793,453,17653
19000,"Cullowhee, NC Micro Area",35279,17152,3119,89,13944,18127,3599,171,14357
36900,"Ottumwa, IA Micro Area",35268,17266,632,229,16405,18002,1013,285,16704
17740,"Coldwater, MI Micro Area",35079,18162,541,143,17478,16917,843,166,15908
34260,"Mountain Home, AR Micro Area",35017,16720,528,108,16084,18297,801,82,17414
37500,"Paragould, AR Micro Area",34918,17144,806,146,16192,17774,1261,123,16390
15340,"Bucyrus, OH Micro Area",34816,16760,299,142,16319,18056,729,303,17024
10940,"Alma, MI Micro Area",34790,18645,515,755,17375,16145,890,836,14419
42980,"Seymour, IN Micro Area",34720,17130,671,261,16198,17590,874,271,16445
38740,"Poplar Bluff, MO Micro Area",34571,16532,1161,131,15240,18039,1119,115,16805
38840,"Port Clinton, OH Micro Area",34563,16890,402,53,16435,17673,809,154,16710
41760,"Sandpoint, ID Micro Area",34524,17192,409,147,16636,17332,590,119,16623
40540,"Rock Springs, WY Micro Area",34348,17908,946,200,16762,16440,1126,117,15197
14180,"Blytheville, AR Micro Area",34326,16392,708,81,15603,17934,1052,179,16703
10100,"Aberdeen, SD Micro Area",34188,16578,871,341,15366,17610,1183,369,16058
47620,"Warren, PA Micro Area",34162,17033,259,148,16626,17129,449,206,16474
20060,"Douglas, GA Micro Area",34151,17503,680,154,16669,16648,1425,170,15053
48820,"Willmar, MN Micro Area",33963,16890,722,78,16090,17073,950,180,15943
34700,"Muscatine, IA Micro Area",33881,16793,749,105,15939,17088,879,244,15965
12140,"Auburn, IN Micro Area",33776,16620,677,93,15850,17156,1070,250,15836
10760,"Alexander City, AL Micro Area",33719,16168,304,167,15697,17551,1048,139,16364
48940,"Wilmington, OH Micro Area",33560,16418,699,554,15165,17142,686,452,16004
29980,"Lawrenceburg, TN Micro Area",33557,16118,538,167,15413,17439,776,170,16493
44500,"Stephenville, TX Micro Area",33469,16287,2532,364,13391,17182,4162,218,12802
42740,"Sedalia, MO Micro Area",33401,16179,787,158,15234,17222,1309,144,15769
33940,"Montrose, CO Micro Area",33397,16279,382,40,15857,17118,668,61,16389
27300,"Jacksonville, IL Micro Area",33295,16505,688,995,14822,16790,670,986,15134
13620,"Berlin, NH-VT Micro Area",33260,17609,538,87,16984,15651,688,191,14772
13940,"Blackfoot, ID Micro Area",33234,16476,903,99,15474,16758,1224,178,15356
42780,"Selinsgrove, PA Micro Area",32979,16165,281,1009,14875,16814,491,1264,15059
42820,"Selma, AL Micro Area",32905,14835,634,84,14117,18070,1181,328,16561
28620,"Kill Devil Hills, NC Micro Area",32878,16538,716,71,15751,16340,845,181,15314
30820,"Lock Haven, PA Micro Area",32828,16008,1688,185,14135,16820,1777,241,14802
34140,"Moscow, ID Micro Area",32633,16567,5072,115,11380,16066,4306,226,11534
17620,"Coamo, PR Micro Area",32560,15618,425,857,14336,16942,374,1220,15348
29660,"Laramie, WY Micro Area",32488,16927,5909,492,10526,15561,5542,93,9926
15420,"Burley, ID Micro Area",32443,16398,623,47,15728,16045,754,131,15160
42300,"Sault Ste. Marie, MI Micro Area",32411,18130,1265,69,16796,14281,1260,121,12900
20900,"El Campo, TX Micro Area",32379,15720,561,30,15129,16659,721,86,15852
34660,"Murray, KY Micro Area",32352,15456,3263,44,12149,16896,3916,247,12733
20980,"El Dorado, AR Micro Area",32302,15477,617,92,14768,16825,1120,172,15533
26340,"Houghton, MI Micro Area",32295,17609,4284,265,13060,14686,1918,270,12498
16380,"Celina, OH Micro Area",32258,16072,584,64,15424,16186,695,74,15417
45700,"Tifton, GA Micro Area",32218,15304,1478,26,13800,16914,1741,67,15106
32260,"Marshalltown, IA Micro Area",32181,16193,424,171,15598,15988,731,141,15116
32660,"McMinnville, TN Micro Area",32132,15729,483,44,15202,16403,561,75,15767
15740,"Cambridge, OH Micro Area",32105,15636,436,90,15110,16469,814,235,15420
48460,"West Plains, MO Micro Area",32100,15416,526,15,14875,16684,927,133,15624
16340,"Cedartown, GA Micro Area",32083,15622,667,133,14822,16461,837,156,15468
38260,"Pittsburg, KS Micro Area",32082,15846,2771,337,12738,16236,2610,238,13388
36380,"Okeechobee, FL Micro Area",32081,17443,517,141,16785,14638,572,156,13910
40180,"Riverton, WY Micro Area",32027,15940,759,107,15074,16087,1173,104,14810
24900,"Greenwood, MS Micro Area",31964,14940,1013,4,13923,17024,1491,177,15356
21580,"Espa?ola, NM Micro Area",31942,15723,692,87,14944,16219,1356,125,14738
20660,"Easton, MD Micro Area",31867,14922,367,303,14252,16945,805,271,15869
46500,"Urbana, OH Micro Area",31751,15777,417,436,14924,15974,703,481,14790
25300,"Hannibal, MO Micro Area",31682,15365,295,496,14574,16317,553,528,15236
10860,"Alice, TX Micro Area",31675,15340,415,115,14810,16335,699,69,15567
11820,"Astoria, OR Micro Area",31543,15606,619,79,14908,15937,956,221,14760
34500,"Mount Vernon, IL Micro Area",31494,16145,514,269,15362,15349,975,171,14203
35060,"Natchitoches, LA Micro Area",31391,14550,1682,345,12523,16841,1992,619,14230
47180,"Vincennes, IN Micro Area",31376,15865,1767,72,14026,15511,1933,68,13510
12380,"Austin, MN Micro Area",31193,15470,742,77,14651,15723,892,205,14626
43460,"Sikeston, MO Micro Area",31192,14970,387,84,14499,16222,756,213,15253
23620,"Gainesville, TX Micro Area",31174,15409,734,75,14600,15765,816,116,14833
16460,"Centralia, IL Micro Area",31157,15079,493,86,14500,16078,771,157,15150
19580,"Defiance, OH Micro Area",31044,15319,605,522,14192,15725,658,444,14623
30900,"Logansport, IN Micro Area",30863,15389,621,78,14690,15474,793,162,14519
18820,"Crawfordsville, IN Micro Area",30849,15544,436,716,14392,15305,484,170,14651
12120,"Atmore, AL Micro Area",30849,15971,497,33,15441,14878,642,86,14150
15220,"Brownwood, TX Micro Area",30795,15080,503,257,14320,15715,761,494,14460
13540,"Bennington, VT Micro Area",30759,14733,339,465,13929,16026,618,801,14607
35140,"Newberry, SC Micro Area",30699,14834,343,643,13848,15865,663,470,14732
38700,"Pontiac, IL Micro Area",30651,15435,448,90,14897,15216,849,133,14234
42420,"Scottsbluff, NE Micro Area",30631,14672,683,123,13866,15959,932,146,14881
13700,"Big Spring, TX Micro Area",30608,17625,873,174,16578,12983,778,114,12091
44920,"Summit Park, UT Micro Area",30590,15610,541,191,14878,14980,599,172,14209
22700,"Fort Dodge, IA Micro Area",30542,15664,1218,95,14351,14878,1344,191,13343
10220,"Ada, OK Micro Area",30517,14737,1165,91,13481,15780,1566,192,14022
46460,"Union City, TN-KY Micro Area",30499,14619,671,89,13859,15880,850,188,14842
21540,"Escanaba, MI Micro Area",30442,14954,566,81,14307,15488,695,152,14641
20540,"Dyersburg, TN Micro Area",30405,14402,445,96,13861,16003,681,93,15229
10820,"Alexandria, MN Micro Area",30315,14982,564,139,14279,15333,871,95,14367
23780,"Garden City, KS Micro Area",30228,15321,806,63,14452,14907,1112,63,13732
15900,"Canton, IL Micro Area",30089,15746,697,119,14930,14343,833,93,13417
26540,"Huntington, IN Micro Area",30067,14677,533,485,13659,15390,676,749,13965
35500,"Newton, IA Micro Area",29963,15292,372,93,14827,14671,644,226,13801
32460,"Mayfield, KY Micro Area",29891,14545,594,161,13790,15346,741,110,14495
18420,"Corinth, MS Micro Area",29827,14479,589,108,13782,15348,1068,141,14139
12900,"Batesville, AR Micro Area",29648,14234,456,281,13497,15414,955,261,14198
17500,"Clewiston, FL Micro Area",29609,15718,567,55,15096,13891,889,213,12789
37940,"Peru, IN Micro Area",29586,15853,597,106,15150,13733,938,41,12754
18740,"Coshocton, OH Micro Area",29565,14526,333,172,14021,15039,477,114,14448
35820,"North Platte, NE Micro Area",29536,14430,512,75,13843,15106,962,136,14008
23340,"Fremont, NE Micro Area",29456,14253,455,305,13493,15203,518,426,14259
42900,"Seneca Falls, NY Micro Area",29198,15364,380,224,14760,13834,416,410,13008
35460,"Newport, TN Micro Area",29183,14009,372,45,13592,15174,445,99,14630
11580,"Arcadia, FL Micro Area",29157,16798,391,44,16363,12359,399,69,11891
30880,"Logan, WV Micro Area",29143,14327,228,8,14091,14816,373,151,14292
19760,"DeRidder, LA Micro Area",28984,14759,386,87,14286,14225,642,62,13521
19940,"Dixon, IL Micro Area",28980,15399,792,242,14365,13581,655,165,12761
13060,"Bay City, TX Micro Area",28859,14166,489,52,13625,14693,318,22,14353
15580,"Butte-Silver Bow, MT Micro Area",28836,14271,1162,62,13047,14565,1329,66,13170
26780,"Hutchinson, MN Micro Area",28820,14172,496,79,13597,14648,778,85,13785
40940,"Safford, AZ Micro Area",28806,15700,1006,149,14545,13106,1182,122,11802
36940,"Owatonna, MN Micro Area",28799,14272,338,142,13792,14527,919,195,13413
29900,"Laurinburg, NC Micro Area",28792,14074,729,254,13091,14718,1173,259,13286
11680,"Arkansas City-Winfield, KS Micro Area",28782,14371,1008,368,12995,14411,957,233,13221
11140,"Americus, GA Micro Area",28766,13534,1278,33,12223,15232,1907,140,13185
32280,"Martin, TN Micro Area",28572,13782,2274,154,11354,14790,2686,138,11966
14820,"Brevard, NC Micro Area",28548,13604,392,448,12764,14944,563,415,13966
11420,"Angola, IN Micro Area",28376,14401,454,889,13058,13975,485,510,12980
30060,"Lebanon, MO Micro Area",28372,13982,444,78,13460,14390,663,191,13536
44860,"Sulphur Springs, TX Micro Area",28317,13756,475,102,13179,14561,831,82,13648
14780,"Brenham, TX Micro Area",28304,13796,1067,18,12711,14508,1380,193,12935
47080,"Vidalia, GA Micro Area",28283,13480,636,141,12703,14803,979,222,13602
46740,"Valley, AL Micro Area",28037,13250,497,75,12678,14787,797,204,13786
45380,"Taylorville, IL Micro Area",27988,14240,444,74,13722,13748,670,149,12929
14300,"Bonham, TX Micro Area",27901,14848,650,57,14141,13053,698,101,12254
45340,"Taos, NM Micro Area",27757,13441,535,95,12811,14316,839,267,13210
15100,"Brookings, SD Micro Area",27742,14256,4529,58,9669,13486,4213,77,9196
45980,"Troy, AL Micro Area",27721,13061,3273,38,9750,14660,2863,55,11742
20820,"Effingham, IL Micro Area",27654,13691,574,54,13063,13963,692,44,13227
31680,"Malvern, AR Micro Area",27631,14257,566,114,13577,13374,743,125,12506
15020,"Brookhaven, MS Micro Area",27607,13016,603,97,12316,14591,725,183,13683
45000,"Susanville, CA Micro Area",27601,18918,572,462,17884,8683,562,62,8059
31380,"Macomb, IL Micro Area",27312,13306,3500,283,9523,14006,3703,228,10075
21380,"Emporia, KS Micro Area",27154,13075,1975,181,10919,14079,2228,55,11796
17700,"Coffeyville, KS Micro Area",26996,13195,815,66,12314,13801,768,63,12970
31500,"Madison, IN Micro Area",26938,12639,385,400,11854,14299,574,533,13192
13300,"Beeville, TX Micro Area",26810,16744,300,1,16443,10066,685,50,9331
38380,"Plainview, TX Micro Area",26793,14034,575,277,13182,12759,564,343,11852
27220,"Jackson, WY-ID Micro Area",26740,13870,314,250,13306,12870,774,150,11946
15700,"Cambridge, MD Micro Area",26728,12617,351,38,12228,14111,906,260,12945
37540,"Paris, TN Micro Area",26670,12845,390,105,12350,13825,566,194,13065
27920,"Junction City, KS Micro Area",26658,14133,1451,214,12468,12525,1589,320,10616
17380,"Cleveland, MS Micro Area",26572,12205,1146,6,11053,14367,2024,85,12258
37800,"Pella, IA Micro Area",26563,13159,156,768,12235,13404,346,1008,12050
47340,"Wabash, IN Micro Area",26556,12949,338,459,12152,13607,749,499,12359
27940,"Juneau, AK Micro Area",26510,13582,717,98,12767,12928,978,119,11831
19420,"Dayton, TN Micro Area",26322,12864,352,215,12297,13458,703,255,12500
27160,"Jackson, OH Micro Area",26275,12663,471,69,12123,13612,645,316,12651
41260,"St. Marys, PA Micro Area",26123,12981,294,151,12536,13142,376,111,12655
16420,"Central City, KY Micro Area",25812,12762,408,26,12328,13050,596,17,12437
28780,"Kingsville, TX Micro Area",25810,13321,2710,110,10501,12489,2122,84,10283
46860,"Vernal, UT Micro Area",25717,13100,376,96,12628,12617,611,159,11847
27020,"Iron Mountain, MI-WI Micro Area",25556,12740,473,31,12236,12816,438,139,12239
18100,"Columbus, NE Micro Area",25549,12798,394,35,12369,12751,916,111,11724
23140,"Frankfort, IN Micro Area",25516,12490,392,47,12051,13026,450,57,12519
19540,"Decatur, IN Micro Area",25508,12450,296,106,12048,13058,393,163,12502
19980,"Dodge City, KS Micro Area",25441,13181,458,84,12639,12260,701,110,11449
33060,"Miami, OK Micro Area",25428,12299,789,36,11474,13129,900,120,12109
25580,"Hastings, NE Micro Area",25311,12643,1020,525,11098,12668,685,689,11294
30660,"Lincoln, IL Micro Area",25231,12815,705,417,11693,12416,587,421,11408
14720,"Breckenridge, CO Micro Area",25211,13866,469,207,13190,11345,993,41,10311
10660,"Albert Lea, MN Micro Area",25199,12433,375,74,11984,12766,623,102,12041
30280,"Lewisburg, TN Micro Area",25187,12125,295,178,11652,13062,493,85,12484
28860,"Kirksville, MO Micro Area",25177,11755,2597,276,8882,13422,3311,344,9767
27660,"Jennings, LA Micro Area",24780,11890,407,75,11408,12890,780,30,12080
48780,"Williston, ND Micro Area",24717,13686,513,87,13086,11031,537,102,10392
43260,"Sheridan, WY Micro Area",24684,12083,567,55,11461,12601,987,94,11520
21180,"Elkins, WV Micro Area",24624,12677,207,245,12225,11947,405,251,11291
34420,"Mount Pleasant, TX Micro Area",24619,12044,509,41,11494,12575,768,97,11710
47780,"Washington, IN Micro Area",24543,12126,260,64,11802,12417,482,91,11844
28380,"Kennett, MO Micro Area",24530,11572,292,23,11257,12958,692,60,12206
10980,"Alpena, MI Micro Area",24404,11935,665,108,11162,12469,743,93,11633
15780,"Camden, AR Micro Area",24370,11525,433,102,10990,12845,769,37,12039
26260,"Hope, AR Micro Area",24303,11639,324,28,11287,12664,660,73,11931
17640,"Coco, PR Micro Area",24035,11469,229,562,10678,12566,275,651,11640
31220,"Ludington, MI Micro Area",23879,11743,435,87,11221,12136,679,92,11365
43500,"Silver City, NM Micro Area",23860,11562,651,63,10848,12298,902,204,11192
25700,"Hays, KS Micro Area",23799,11849,2204,21,9624,11950,2368,7,9575
32980,"Merrill, WI Micro Area",23786,11929,355,109,11465,11857,479,143,11235
29780,"Las Vegas, NM Micro Area",23777,11853,873,303,10677,11924,1184,251,10489
27700,"Jesup, GA Micro Area",23691,12221,386,37,11798,11470,677,10,10783
21640,"Eufaula, AL-GA Micro Area",23653,12758,398,27,12333,10895,570,104,10221
32700,"McPherson, KS Micro Area",23650,11580,500,432,10648,12070,511,316,11243
19860,"Dickinson, ND Micro Area",23529,12327,428,79,11820,11202,690,88,10424
48220,"Weatherford, OK Micro Area",23149,11674,1642,16,10016,11475,1884,67,9524
13500,"Bennettsville, SC Micro Area",23107,12381,411,37,11933,10726,639,28,10059
47920,"Washington Court House, OH Micro Area",23067,11166,261,44,10861,11901,591,87,11223
46780,"Van Wert, OH Micro Area",23030,11203,376,167,10660,11827,501,134,11192
18860,"Crescent City, CA Micro Area",22799,12720,651,32,12037,10079,752,50,9277
33180,"Middlesborough, KY Micro Area",22733,10960,331,56,10573,11773,588,131,11054
35860,"North Vernon, IN Micro Area",22584,11278,343,125,10810,11306,444,145,10717
33420,"Mineral Wells, TX Micro Area",22455,10876,214,22,10640,11579,334,36,11209
47980,"Watertown, SD Micro Area",22097,10986,787,57,10142,11111,773,146,10192
22620,"Forrest City, AR Micro Area",22035,12098,541,85,11472,9937,658,89,9190
22820,"Fort Morgan, CO Micro Area",21991,10901,301,53,10547,11090,551,44,10495
26940,"Indianola, MS Micro Area",21985,11648,446,20,11182,10337,895,155,9287
25200,"Hailey, ID Micro Area",21920,11099,228,5,10866,10821,330,55,10436
24380,"Grants, NM Micro Area",21799,11074,378,206,10490,10725,631,155,9939
14340,"Boone, IA Micro Area",21761,10850,537,97,10216,10911,917,96,9898
24460,"Great Bend, KS Micro Area",21733,10717,479,29,10209,11016,639,66,10311
12460,"Bainbridge, GA Micro Area",21638,10356,422,23,9911,11282,694,53,10535
23240,"Fredericksburg, TX Micro Area",21586,10323,136,41,10146,11263,264,158,10841
45580,"Thomaston, GA Micro Area",21304,10046,265,19,9762,11258,688,59,10511
12820,"Bastrop, LA Micro Area",21221,9992,353,39,9600,11229,375,168,10686
48100,"Wauchula, FL Micro Area",21171,11553,337,123,11093,9618,472,38,9108
43940,"Spearfish, SD Micro Area",21061,10376,967,63,9346,10685,1255,56,9374
29260,"La Grande, OR Micro Area",21061,10234,883,100,9251,10827,921,102,9804
33020,"Mexico, MO Micro Area",20991,9217,191,67,8959,11774,442,108,11224
24700,"Greensburg, IN Micro Area",20986,10296,226,72,9998,10690,589,88,10013
45740,"Toccoa, GA Micro Area",20855,9662,435,298,8929,11193,471,319,10403
45520,"The Dalles, OR Micro Area",20802,10296,308,141,9847,10506,617,41,9848
46620,"Uvalde, TX Micro Area",20765,10099,832,24,9243,10666,716,62,9888
35580,"New Ulm, MN Micro Area",20756,10167,223,484,9460,10589,377,439,9773
15820,"Campbellsville, KY Micro Area",20717,9985,382,446,9157,10732,629,668,9435
44900,"Summerville, GA Micro Area",20445,10546,288,110,10148,9899,485,80,9334
33620,"Moberly, MO Micro Area",20400,10710,316,237,10157,9690,637,321,8732
36840,"Ottawa, KS Micro Area",20333,9834,297,244,9293,10499,434,291,9774
32140,"Marshall, MN Micro Area",20329,10059,949,22,9088,10270,1177,69,9024
44460,"Steamboat Springs, CO Micro Area",20323,10594,701,110,9783,9729,527,97,9105
25720,"Heber, UT Micro Area",20186,10226,440,113,9673,9960,487,186,9287
34300,"Mountain Home, ID Micro Area",20177,10530,627,169,9734,9647,584,250,8813
11060,"Altus, OK Micro Area",20129,9980,606,100,9274,10149,704,85,9360
30420,"Lexington, NE Micro Area",20062,10129,422,34,9673,9933,397,49,9487
31620,"Magnolia, AR Micro Area",19897,9316,1151,0,8165,10581,1714,16,8851
32340,"Maryville, MO Micro Area",19882,9819,2446,121,7252,10063,2506,152,7405
15060,"Brookings, OR Micro Area",19529,9458,179,0,9279,10071,330,16,9725
21980,"Fallon, NV Micro Area",19510,9873,533,57,9283,9637,535,80,9022
18220,"Connersville, IN Micro Area",19295,9403,271,29,9103,9892,586,47,9259
17260,"Clarksdale, MS Micro Area",19084,8618,670,77,7871,10466,904,284,9278
19700,"Deming, NM Micro Area",19073,9470,287,100,9083,9603,571,25,9007
11660,"Arkadelphia, AR Micro Area",19036,8887,1180,809,6898,10149,1959,257,7933
47420,"Wahpeton, ND-MN Micro Area",18738,9591,1070,17,8504,9147,702,72,8373
32180,"Marshall, MO Micro Area",18700,9248,374,649,8225,9452,506,367,8579
49460,"Yankton, SD Micro Area",18642,9791,344,211,9236,8851,396,184,8271
33580,"Mitchell, SD Micro Area",18506,9237,407,387,8443,9269,342,435,8492
18380,"Cordele, GA Micro Area",18396,8477,487,22,7968,9919,981,188,8750
44540,"Sterling, CO Micro Area",18394,10341,633,30,9678,8053,870,66,7117
21120,"Elk City, OK Micro Area",18250,9830,220,13,9597,8420,301,17,8102
30220,"Levelland, TX Micro Area",18176,8835,810,42,7983,9341,960,115,8266
26220,"Hood River, OR Micro Area",18176,9040,233,89,8718,9136,442,79,8615
37420,"Pampa, TX Micro Area",18120,9647,308,45,9294,8473,435,86,7952
42180,"Santa Isabel, PR Micro Area",18085,8598,156,451,7991,9487,169,969,8349
36820,"Oskaloosa, IA Micro Area",17939,8998,379,615,8004,8941,462,362,8117
39260,"Prineville, OR Micro Area",17937,8702,136,51,8515,9235,247,26,8962
13100,"Beatrice, NE Micro Area",17811,8730,281,34,8415,9081,295,40,8746
27420,"Jamestown, ND Micro Area",17566,9017,255,237,8525,8549,370,450,7729
38180,"Pierre, SD Micro Area",17515,8560,183,65,8312,8955,307,30,8618
39700,"Raymondville, TX Micro Area",17375,9304,309,16,8979,8071,286,75,7710
24980,"Grenada, MS Micro Area",17286,7997,184,0,7813,9289,701,34,8554
38920,"Port Lavaca, TX Micro Area",17242,8702,197,34,8471,8540,504,6,8030
14420,"Borger, TX Micro Area",17074,8474,429,7,8038,8600,604,30,7966
30580,"Liberal, KS Micro Area",16917,8686,649,38,7999,8231,660,61,7510
49380,"Worthington, MN Micro Area",16835,8617,284,9,8324,8218,352,71,7795
37660,"Parsons, KS Micro Area",16738,8229,244,148,7837,8509,436,72,8001
40760,"Ruidoso, NM Micro Area",16707,8052,466,81,7505,8655,614,30,8011
21860,"Fairmont, MN Micro Area",16533,8129,153,56,7920,8404,241,119,8044
49260,"Woodward, OK Micro Area",16528,8856,200,0,8656,7672,325,7,7340
25100,"Guymon, OK Micro Area",16482,8793,387,79,8327,7689,547,66,7076
16140,"Carroll, IA Micro Area",16423,7902,229,56,7617,8521,349,86,8086
20300,"Dumas, TX Micro Area",16142,8319,312,46,7961,7823,489,90,7244
48500,"West Point, MS Micro Area",16112,7357,509,25,6823,8755,749,62,7944
39220,"Price, UT Micro Area",16107,7979,503,36,7440,8128,631,59,7438
44740,"Storm Lake, IA Micro Area",16091,8149,410,143,7596,7942,635,293,7014
21740,"Evanston, WY Micro Area",15684,7817,155,33,7629,7867,430,43,7394
38780,"Portales, NM Micro Area",15544,7768,1191,55,6522,7776,1795,36,5945
25760,"Helena-West Helena, AR Micro Area",15488,7006,260,0,6746,8482,737,34,7711
10260,"Adjuntas, PR Micro Area",15284,7406,211,263,6932,7878,167,484,7227
21840,"Fairfield, IA Micro Area",14959,8013,279,1338,6396,6946,251,414,6281
47240,"Vineyard Haven, MA Micro Area",14642,7063,32,91,6940,7579,27,115,7437
15140,"Brownsville, TN Micro Area",14605,6736,100,19,6617,7869,405,103,7361
31060,"Los Alamos, NM Micro Area",14533,7334,507,22,6805,7199,451,104,6644
44020,"Spirit Lake, IA Micro Area",14315,7101,280,71,6750,7214,321,44,6849
26700,"Huron, SD Micro Area",14054,6947,125,34,6788,7107,332,61,6714
32500,"Maysville, KY Micro Area",13992,6788,248,16,6524,7204,418,14,6772
25820,"Hereford, TX Micro Area",13921,6873,262,83,6528,7048,499,116,6433
22340,"Fitzgerald, GA Micro Area",13597,6480,151,7,6322,7117,355,38,6724
43660,"Snyder, TX Micro Area",13596,7476,413,50,7013,6120,302,226,5592
36830,"Othello, WA Micro Area",13354,6726,253,22,6451,6628,226,77,6325
11860,"Atchison, KS Micro Area",13353,6289,167,549,5573,7064,409,730,5925
43980,"Spencer, IA Micro Area",13316,6464,126,66,6272,6852,313,69,6470
49080,"Winnemucca, NV Micro Area",13040,6881,167,20,6694,6159,234,71,5854
11380,"Andrews, TX Micro Area",12719,6493,87,0,6406,6226,157,26,6043
27580,"Jayuya, PR Micro Area",12539,6208,72,241,5895,6331,50,568,5713
46820,"Vermillion, SD Micro Area",12028,5943,2301,54,3588,6085,2583,29,3473
45020,"Sweetwater, TX Micro Area",11826,5903,319,77,5507,5923,110,115,5698
37780,"Pecos, TX Micro Area",11716,7321,129,79,7113,4395,61,22,4312
28540,"Ketchikan, AK Micro Area",11161,5780,203,68,5509,5381,244,42,5095
29500,"Lamesa, TX Micro Area",10571,6059,244,20,5795,4512,115,12,4385
46900,"Vernon, TX Micro Area",10468,5007,151,37,4819,5461,427,90,4944
18780,"Craig, CO Micro Area",10243,5176,175,54,4947,5067,301,24,4742
49820,"Zapata, TX Micro Area",10201,4967,72,31,4864,5234,239,20,4975
